Model,Training_Time_seconds,Train_RMSE,Train_MAE,Train_R2,Test_RMSE,Test_MAE,Test_R2,Test_MAPE,Test_Adjusted_R2,N_Features,N_Train_Samples,N_Test_Samples
Linear_Regression,0.0002381801605224,37.21957617703031,28.79062649268189,0.9804352068848692,39.172549854932,29.38468496174307,0.9812880832552696,3.5844123026101515,0.9798327119529016,14,778,195
KNN_Regression,0.0013761520385742188,90.11748259011934,71.54241645244215,0.8853034075403405,114.26521247541302,90.06794871794872,0.8407854859456405,11.438818930600759,0.8284021348525237,14,778,195
