Model,Training_Time_seconds,Train_RMSE,Train_MAE,Train_R2,Test_RMSE,Test_MAE,Test_R2,Test_MAPE,Test_Adjusted_R2,N_Features,N_Train_Samples,N_Test_Samples
Linear_Regression,0.00023818016052246094,37.219576177030305,28.79062649268189,0.9804352068848693,39.172549854932,29.38468496174307,0.9812880832552695,3.5844123026101515,0.9798327119529016,14,778,195
